route	status	final_path	title
/	200	/	AGI | One AI Workspace. Six Surfaces. Your Rules.
/about	200	/about	About: Multi-provider by design | AGI
/acceptable-use	200	/acceptable-use	Acceptable use policy | AGI
/accessibility	200	/accessibility	Accessibility | AGI
/admin	200	/login?redirectTo=%2Fadmin	Sign In | AGI
/admin/directory-sync	200	/login?redirectTo=%2Fadmin%2Fdirectory-sync	Sign In | AGI
/agent-permissions	200	/agent-permissions	Agent permissions | AGI
/agi-code	200	/agi-code	AGI Code | CLI + VS Code developer stack | AGI
/agi-work	200	/agi-work	AGI Work: goal in, autonomous tool loop, reviewable deliverables | AGI
/ai-skills	200	/ai-skills	AGI | One AI workspace across models and tools.
/api-docs	200	/api-docs	API docs | AGI
/api-reference	200	/api-reference	AGI | One AI workspace across models and tools.
/apps	200	/apps	AGI | One AI workspace across models and tools.
/auth/chrome-extension	200	/auth/chrome-extension	AGI | One AI workspace across models and tools.
/auth/device	200	/auth/device	AGI | One AI workspace across models and tools.
/auth/error	200	/auth/error	AGI | One AI workspace across models and tools.
/auth/login	200	/auth/login	AGI | One AI workspace across models and tools.
/auth/reset-password	200	/auth/reset-password	Reset Password | AGI
/auth/update-password	200	/auth/update-password	Update Password | AGI
/billing	200	/login?redirectTo=%2Fbilling	Sign In | AGI
/blog	200	/blog	Writing | AGI
/buildathon	200	/buildathon	Siddhartha Nagula | Buildathon Profile | AGIWorkforce | AGI
/business	200	/business	AGI for Business: Local, BYOK, and managed-cloud workspaces | AGI
/byok	200	/byok	BYOK: Bring Your Own Keys to Desktop &amp; CLI | AGI
/careers	200	/careers	Careers | AGI
/changelog	200	/changelog	Changelog | AGI
/chat	200	/login?redirectTo=%2Fchat	Sign In | AGI
/chat/code	200	/login?redirectTo=%2Fchat%2Fcode	Sign In | AGI
/chat/customize	200	/login?redirectTo=%2Fchat%2Fcustomize	Sign In | AGI
/chat/library	200	/login?redirectTo=%2Fchat%2Flibrary	Sign In | AGI
/chat/projects	200	/login?redirectTo=%2Fchat%2Fprojects	Sign In | AGI
/chat/schedules	200	/login?redirectTo=%2Fchat%2Fschedules	Sign In | AGI
/chrome-extension	200	/chrome-extension	AGI in Chrome | Browser Context, Desktop Execution | AGI
/cli	200	/cli	AGI CLI: the agi agent in your terminal | AGI
/community	200	/community	Community | AGI
/connectors	200	/connectors	AGI | One AI workspace across models and tools.
/connectors/mcp-directory	200	/connectors/mcp-directory	MCP Reference Servers | AGI
/connectors/new	200	/connectors/new	AGI | One AI workspace across models and tools.
/connectors/permissions	200	/connectors/permissions	AGI | One AI workspace across models and tools.
/contact	200	/contact	Contact Us | AGI
/contact-sales	200	/contact-sales	Contact sales | AGI
/cookies	200	/cookies	Cookie policy | AGI
/copyright	200	/copyright	Copyright and IP complaints | AGI
/customers	200	/customers	Customers | AGI
/data-use	404	/data-use	AGI | One AI workspace across models and tools.
/desktop	200	/desktop	AGI Desktop | Runs on Your Machine | AGI
/dev/inline-toolcall-demo	200	/dev/inline-toolcall-demo	AGI | One AI workspace across models and tools.
/device-auth	200	/device-auth	AGI | One AI workspace across models and tools.
/docs	200	/docs	Documentation | AGI
/docs/byok-env	200	/docs/byok-env	Env-based BYOK in v1 | AGI
/documentation	200	/documentation	AGI | One AI workspace across models and tools.
/download	200	/download	Download AGI | Desktop and Product Availability | AGI
/downloads	200	/downloads	AGI | One AI workspace across models and tools.
/dpa	200	/dpa	Data Processing Addendum | AGI
/enterprise	200	/enterprise	Enterprise: evaluate without exposing your data | AGI
/faq	200	/faq	FAQ | AGI
/features	200	/features	AGI Features | Chat, Artifacts, Projects, Tools, Memory &amp; Research | AGI
/features/agents	200	/features/agents	AGI Agents | Delegated Work With Explicit Permissions | AGI
/features/ai-chat	200	/features/ai-chat	AGI AI Chat | One Conversation Across Six Surfaces | AGI
/features/ai-skills	200	/features/ai-skills	AGI | One AI workspace across models and tools.
/features/artifacts	200	/features/artifacts	AGI Artifacts | Sandboxed Previews, Versions &amp; Downloads | AGI
/features/deep-research	200	/features/deep-research	AGI Deep Research | Cited Answers Across Web, Files &amp; Tools | AGI
/features/memory	200	/features/memory	AGI Memory | Plain-Language Facts You Control | AGI
/features/plugins	200	/features/plugins	AGI Plugins | Bundle Commands, Skills, Hooks &amp; MCP Servers | AGI
/features/projects	200	/features/projects	AGI Projects | A Home for Recurring Work | AGI
/features/tools	200	/features/tools	AGI Tools &amp; Connectors | MCP Servers, OAuth Apps &amp; Tool Permissions | AGI
/forgot-password	200	/forgot-password	Reset Password | AGI
/gallery	200	/gallery	Gallery | AGI
/get-started	200	/get-started	Getting Started | AGI
/help	200	/help	Help | AGI
/integrations	200	/integrations	Integrations | AGI
/invite	404	/invite	AGI | One AI workspace across models and tools.
/legal	200	/legal	Legal | AGI
/legal/eu-representative	200	/legal/eu-representative	EU Representative | AGI
/local	200	/local	Local: Run AI on Your Device, Free Forever | AGI
/login	200	/login	Sign In | AGI
/login/complete	404	/login/complete	AGI | One AI workspace across models and tools.
/marketplace	200	/marketplace	AGI | One AI workspace across models and tools.
/mobile	200	/mobile	AGI Mobile | Private, Local-First AI for iPhone &amp; Android | AGI
/mobile/legal	200	/mobile/legal	Mobile Legal · Privacy Policy and Terms of Service | AGI
/model-licenses	200	/model-licenses	Model licences | AGI
/pair	200	/pair	Pair your phone | AGI
/partners	200	/partners	Partners | AGI
/payment-failure	200	/payment-failure	Payment issue | AGI
/plugins	200	/plugins	Plugins | AGI
/press	200	/press	Press | AGI
/pricing	200	/pricing	Pricing | AGI Cloud, Local, and BYOK plans | AGI
/privacy	200	/privacy	Privacy policy | AGI
/privacy/india	404	/privacy/india	AGI | One AI workspace across models and tools.
/privacy/requests	404	/privacy/requests	AGI | One AI workspace across models and tools.
/providers	200	/providers	Providers: 10+ providers, one thread | AGI
/qa-artifacts	200	/qa-artifacts	AGI | One AI workspace across models and tools.
/refund-policy	200	/refund-policy	Refund policy | AGI
/register	200	/register	AGI | One AI workspace across models and tools.
/resources	200	/resources	Resources | AGI
/security	200	/security	Security | AGI
/settings	200	/login?redirectTo=%2Fsettings	Sign In | AGI
/settings/account	200	/login?redirectTo=%2Fsettings%2Faccount	Sign In | AGI
/settings/archived	200	/login?redirectTo=%2Fsettings%2Farchived	Sign In | AGI
/settings/billing	200	/login?redirectTo=%2Fsettings%2Fbilling	Sign In | AGI
/settings/byok	200	/login?redirectTo=%2Fsettings%2Fbyok	Sign In | AGI
/settings/capabilities	200	/login?redirectTo=%2Fsettings%2Fcapabilities	Sign In | AGI
/settings/connections	200	/login?redirectTo=%2Fsettings%2Fconnections	Sign In | AGI
/settings/deleted-chats	200	/login?redirectTo=%2Fsettings%2Fdeleted-chats	Sign In | AGI
/settings/general	200	/login?redirectTo=%2Fsettings%2Fgeneral	Sign In | AGI
/settings/memory	200	/login?redirectTo=%2Fsettings%2Fmemory	Sign In | AGI
/settings/notifications	200	/login?redirectTo=%2Fsettings%2Fnotifications	Sign In | AGI
/settings/privacy	200	/login?redirectTo=%2Fsettings%2Fprivacy	Sign In | AGI
/settings/profile	200	/login?redirectTo=%2Fsettings%2Fprofile	Sign In | AGI
/settings/reflect	200	/login?redirectTo=%2Fsettings%2Freflect	Sign In | AGI
/settings/safety	200	/login?redirectTo=%2Fsettings%2Fsafety	Sign In | AGI
/settings/security	200	/login?redirectTo=%2Fsettings%2Fsecurity	Sign In | AGI
/settings/shared-links	200	/login?redirectTo=%2Fsettings%2Fshared-links	Sign In | AGI
/settings/skills	200	/login?redirectTo=%2Fsettings%2Fskills	Sign In | AGI
/settings/skills/new	200	/login?redirectTo=%2Fsettings%2Fskills%2Fnew	Sign In | AGI
/settings/sync	200	/login?redirectTo=%2Fsettings%2Fsync	Sign In | AGI
/settings/team	200	/login?redirectTo=%2Fsettings%2Fteam	Sign In | AGI
/settings/time-focus	200	/login?redirectTo=%2Fsettings%2Ftime-focus	Sign In | AGI
/settings/usage	200	/login?redirectTo=%2Fsettings%2Fusage	Sign In | AGI
/settings/voice	200	/login?redirectTo=%2Fsettings%2Fvoice	Sign In | AGI
/sign-in	200	/sign-in	AGI | One AI workspace across models and tools.
/sign-up	200	/sign-up	AGI | One AI workspace across models and tools.
/signup	200	/signup	Create Account | AGI
/signup/complete	200	/signup/complete	Create Account | AGI
/sitemap-page	200	/sitemap-page	Sitemap | AGI
/skills	200	/skills	AGI | One AI workspace across models and tools.
/sla	200	/sla	SLA | AGI
/solutions	200	/solutions	AGI Solutions: AI workflows for teams, developers, and operators | AGI
/status	200	/status	Status | AGI
/subprocessors	200	/subprocessors	Subprocessors | AGI
/support	200	/support	Support | AGI
/tasks	200	/tasks	Tasks | AGI
/teams	200	/teams	AGI for Teams: Shared projects, governance, and BYOK policy | AGI
/terms	200	/terms	Terms of service | AGI
/trust	200	/trust	Trust | AGI
/use-cases	200	/use-cases	AGI Use Cases: Startups, consultants, sales, and IT providers | AGI
/use-cases/consulting	200	/use-cases/consulting	Consulting firms: AGI
/use-cases/consulting-businesses	200	/use-cases/consulting-businesses	Use Cases | AGI
/use-cases/it-providers	200	/use-cases/it-providers	IT service providers: AGI
/use-cases/it-service-providers	200	/use-cases/it-service-providers	Use Cases | AGI
/use-cases/sales-teams	200	/use-cases/sales-teams	Sales teams: AGI
/use-cases/startups	200	/use-cases/startups	Startups: AGI
/user	200	/user	AGI | One AI workspace across models and tools.
/verify	200	/verify	AGI | One AI workspace across models and tools.
/vscode-extension	200	/vscode-extension	AGI in VS Code: the @agi chat participant | AGI
/waitlist	200	/waitlist	AGI Cloud is open — Team org &amp; SSO early access | AGI
